20181TIJG0222;Kelly 01 Pires;kelly1@gmail.com;
20181TIJG0223;Kelly 02 Pires;kelly2@gmail.com;
20181TIJG0224;Kelly 03 Pires;kelly3@gmail.com;
20181TIJG0225;Kelly 04 Pires;kelly4@gmail.com;
20181TIJG0226;Kelly 05 Pires;kelly5@gmail.com;
20181TIJG0227;Kelly 06 Pires;kelly6@gmail.com;
20181TIJG0228;Kelly 07 Pires;kelly7@gmail.com;
20181TIJG0229;Kelly 08 Pires;kelly8@gmail.com;
20181TIJG0230;Kelly 09 Pires;kelly9@gmail.com;
20181TIJG0231;Kelly 10 Pires;kelly10@gmail.com;
20181TIJG0232;Kelly 11 Pires;kelly11@gmail.com;
20181TIJG0233;Kelly 12 Pires;kelly12@gmail.com;
20181TIJG0234;Kelly 13 Pires;kelly13@gmail.com;
20181TIJG0235;Kelly 14 Pires;kelly14@gmail.com;
20181TIJG0236;Kelly 15 Pires;kelly15@gmail.com;
20181TIJG0237;Kelly 16 Pires;kelly16@gmail.com;
20181TIJG0238;Kelly 17 Pires;kelly17@gmail.com;
20181TIJG0239;Kelly 18 Pires;kelly18@gmail.com;
20181TIJG0240;Kelly 19 Pires;kelly19@gmail.com;
20181TIJG0241;Kelly 20 Pires;kelly20@gmail.com;
20181TIJG0242;Kelly 21 Pires;kelly21@gmail.com;
20181TIJG0243;Kelly 22 Pires;kelly21@gmail.com;

